{"AIRLINE": 0.18733737671101913, "ORIGIN_AIRPORT": 0.18733737671101913, "DESTINATION_AIRPORT": 0.18733737671101913, "RUTA": 0.18733737671101913}